{"stats":{"minecraft:mined":{"minecraft:grass_block":2},"minecraft:picked_up":{"iammusicplayer:parabolic_antenna":2,"iammusicplayer:cassette_tape":2,"minecraft:dirt":2},"minecraft:used":{"iammusicplayer:music_sharing_device":1,"minecraft:dirt":2,"iammusicplayer:boombox":4,"iammusicplayer:cassette_storage":1,"iammusicplayer:cassette_deck":1},"minecraft:custom":{"minecraft:time_since_rest":2800,"minecraft:crouch_one_cm":403,"minecraft:play_one_minute":17145,"minecraft:sprint_one_cm":6746,"minecraft:deaths":1,"minecraft:damage_taken":440,"minecraft:walk_one_cm":6669,"minecraft:sneak_time":517,"minecraft:walk_under_water_one_cm":8867,"minecraft:jump":71,"minecraft:damage_dealt":54,"minecraft:leave_game":3,"minecraft:walk_on_water_one_cm":2046,"minecraft:time_since_death":2770,"minecraft:swim_one_cm":3418,"minecraft:fall_one_cm":4602,"minecraft:fly_one_cm":164883}},"DataVersion":2586}